Unnamed: 0,U,出,W,menu,しょんぴ,Afrex,Afresh,ハコベル,pickg,7now,その他,計,Unnamed: 13,合計,frex,fresh,他,時給,Afrexh
2025/01/01,,,,,,,,,,,,,,,,,,,
2025/01/02,,,,,,,,,,,,,,,,,,,
2025/01/03,,,,,,,,,,,,,,,,,,,
2025/01/04,,,,,,,,,,,,,,,,,,,
2025/01/05,,,,2144,1980,,,,,2112,,"6,236",6236,3,,,3,"2,079",
2025/01/06,,1498,,1552,,,,,,,,"3,050",,2,,,2,"1,525",
2025/01/07,2530,3286,,6209,,,,,,,,"12,025",,10,,,10,"1,203",
2025/01/08,1754,1535,,3363,5085,,,,,,,"11,737",,10,,,10,"1,174",
2025/01/09,6595,,,,,,,,,,,"6,595",,3.5,,,3.5,"1,884",
2025/01/10,9077,,,3782,,,4092,,,,,"16,951",,9.5,,1.5,8,"1,784",
2025/01/11,9748,794,,2430,1485,,9171,,,,,"23,628",,10,,4,6,"2,363",
2025/01/12,18950,729,,1295,3465,,4158,,,,,"28,597","102,583",12,,1.5,10.5,"2,383",
2025/01/13,18191,1161,,,990,,,,,,,"20,342",,10.5,,,10.5,"1,937",
2025/01/14,13954,2079,,804,,,1637,,,,,"18,474",,11.5,,1,10.5,"1,606",
2025/01/15,7594,1940,,625,7065,,,,,,,"17,224",,9,,,9,"1,914",
2025/01/16,,,,,,,,,,,,,,,,,,,
2025/01/17,5035,,,1877,1485,,,,,,,"8,397",,3,,,3,"2,799",
2025/01/18,17424,1904,,2173,1980,,,,,,,"23,481",,11.5,,,11.5,"2,042",
2025/01/19,16617,4248,,2499,1980,,,,,,,"25,344",113262,12.5,,,12.5,"2,028",
2025/01/20,,,,,2970,,,,,,,"2,970",,0.5,,,0.5,"5,940",
2025/01/21,3794,3439,,1469,,,3855,,,,,"12,557",,6,,1.5,4.5,"2,093",
2025/01/22,752,,,,3600,,,,,,,"4,352",,1,,,1,"4,352",
2025/01/23,3012,964,,755,1980,,,,,,,"6,711",,4,,,4,"1,678",
2025/01/24,4743,2274,,2459,3600,,,,,,,"13,076",,8,,,8,"1,635",
2025/01/25,13321,1496,,,5445,,,,,,,"20,262",,10,,,10,"2,026",
2025/01/26,16040,918,,1810,7065,,2046,,,,,"27,879","87,807",10,,1.5,8.5,"2,788",
2025/01/27,12315,1551,,,5940,,2911,,,,,"22,717",,10.5,,1.5,9,"2,164",
2025/01/28,5355,1506,,755,,,2901,,,,,"10,517",,10,,1.5,8.5,"1,052",
2025/01/29,8500,750,,,7380,,,,,,,"16,630",,11,,,11,"1,512",
2025/01/30,18571,1653,,755,2000,,,,,,,"22,979",,11,,,11,"2,089",
2025/01/31,15839,2907,,2524,2000,,4681,,,,,"27,951","100,794",12.5,,2,10.5,"2,236",
合計,"229,711","36,632",0,"39,280","67,495",0,"35,452",0,0,"2,112",0,"410,682",,213,0,16,197,"1,933",
2025/10/01,,1332,,,,17387,,,,,,"18,719",,6,5.5,,0.5,"3,120",
2025/10/02,,,,,,12109,,,,,,"12,109",,4,4,,0,"3,027",
2025/10/03,,,,,,8185,,,,,,"8,185",,2,2,,0,"4,093",
2025/10/04,,,,,,13624,,,,,,"13,624",,3.5,3.5,,0,"3,893",
2025/10/05,549,711,1198,,,18403,,,,,,"20,861","73,498",6.5,5.5,,1,"3,209",
2025/10/06,,,,,,9004,,,,,,"9,004",,1.5,1.5,,0,"6,003",
2025/10/07,,,,,,18007,,,,,,"18,007",,4.5,4.5,,0,"4,002",
2025/10/08,,,,,1485,18569,,,,,,"20,054",,4,4,,0,"5,014",
2025/10/09,,,,,,,,,,,,,,,,,,,
2025/10/10,,,,,,18007,,,,,,"18,007",,2.5,2.5,,0,"7,203",
2025/10/11,581,,,,,14476,,,,,,"15,057",,2.5,2.5,,0,"6,023",
2025/10/12,,,,,,9822,,,,,,"9,822",89951,5,5,,0,"1,964",
2025/10/13,823,,,,,18403,,,,,,"19,226",,4.5,4,,0.5,"4,272",
2025/10/14,,,,,,18007,,,,,,"18,007",,7,7,,0,"2,572",
2025/10/15,2187,514,,,,19644,,,,,,"22,345",,6,5.5,,0.5,"3,724",
2025/10/16,,,,,,,,,,,,,,,,,,,
2025/10/17,,762,,,,13618,,,,,,"14,380",,3.5,3.5,,0,"4,109",
2025/10/18,3522,76,,682,,18400,,,,,,"22,680",,8,7.5,,0.5,"2,835",
2025/10/19,,,,832,,10218,,,,,,"11,050",107688,3,3,,0,"3,683",
2025/10/20,,,,,,8515,,,,,,"8,515",,2.5,2.5,,0,"3,406",
2025/10/21,,,,,,18733,,,,,,"18,733",,5,5,,0,"3,747",
2025/10/22,,,,,,18733,,,,,,"18,733",,4.5,4.5,,0,"4,163",
2025/10/23,,,,,,10218,,,,,,"10,218",,3,3,,0,"3,406",
2025/10/24,,,,,2970,8515,,,,,,"11,485",,3,1.5,,1.5,"3,828",
2025/10/25,,,,,,,,,,,,,,,,,,,
2025/10/26,9134,727,,,,10218,,,,,,"20,079","87,763",9,6,,3,"2,231",
2025/10/27,,1086,,,,20436,,,,,,"21,522",,5.5,5.5,,0,"3,913",
2025/10/28,,,,,,10218,,,,,,"10,218",,3.5,3.5,,0,"2,919",
2025/10/29,,,,,,,,,,,,,,,,,,,
2025/10/30,,,,,1485,10218,,,,,,"11,703",,3,3,,0,"3,901",
2025/10/31,2665,,,,1980,19585,,,,,,"24,230",35933,8,6.5,,1.5,"3,029",
合計,"19,461","5,208","1,198","1,514","7,920","391,272",0,0,0,0,0,"426,573",,121,112,0,9,"3,525",
2025/11/01,3826,2317,5765,2778,,,,,,,,"14,686",,3,,,3,"4,895",
2025/11/02,,782,,,,20436,,,,,,"21,218","35,904",6.5,6,,0.5,"3,264",
2025/11/03,731,,,,,9367,,,,,,"10,098",,2,1.5,,0.5,"5,049",
2025/11/04,,508,,,,20436,,,,,,"20,944",,4.5,4,,0.5,"4,654",
2025/11/05,,,,,,8515,,,,,,"8,515",,2,2,,0,"4,258",
2025/11/06,,,,,,8515,,,,,,"8,515",,2,2,,0,"4,258",
2025/11/07,3281,10293,,7652,,5375,,,,,,"26,601",,8.5,2,,6.5,"3,130",
2025/11/08,4958,,,1036,,10218,,,,,,"16,212",,4.5,3.5,,1,"3,603",
2025/11/09,1845,1671,870,1039,,18733,,,,,,"24,158","115,043",5.5,4.5,,1,"4,392",
2025/11/10,781,,,2796,,10218,,,,,,"13,795",,6,5,,1,"2,299",
2025/11/11,,,,,,10218,,,,,,"10,218",,2.5,2.5,,0,"4,087",
2025/11/12,,,,,,18733,,,,,,"18,733",,5.5,5.5,,0,"3,406",
2025/11/13,,,,,,11953,,3900,,,,"15,853",,4,3,,1,"3,963",
2025/11/14,,,,,,20436,,,,,,"20,436",,4.5,4.5,,0,"4,541",
2025/11/15,,,,,,8515,,,,,,"8,515",,2,2,,0,"4,258",
2025/11/16,1520,,,,2970,12765,,,,,,"17,255","104,805",5.5,4,,1.5,"3,137",
2025/11/17,,,,,,,,,,,,,,,,,,,
2025/11/18,,,,,,,,,,,,,,,,,,,
2025/11/19,,,,,,11070,,,,,,"11,070",,3,3,,0,"3,690",
2025/11/20,,,,,,,,,,,,,,,,,,,
2025/11/21,,,,,,,,,,,,,,,,,,,
2025/11/22,,,,,,20436,,,,,,"20,436",,7,7,,0,"2,919",
2025/11/23,,,,,2475,14250,,,,,,"16,725",48231,4,4,,0,"4,181",
2025/11/24,,,,,,14898,,,,,,"14,898",,4,4,,0,"3,725",
2025/11/25,,,,,,26358,,,,,,"26,358",,4.5,4.5,,0,"5,857",
2025/11/26,,,,,,11460,,,,,,"11,460",,2,2,,0,"5,730",
2025/11/27,,,,,,10314,,,,,,"10,314",,2.5,2.5,,0,"4,126",
2025/11/28,,,,,,27504,,,,,,"27,504",,7,7,,0,"3,929",
2025/11/29,,,,,,21398,,,,,,"21,398",,5.5,5.5,,0,"3,891",
2025/11/30,,,,,,6500,,,,,,"6,500","118,432",0.5,0.5,,0,"13,000",
,,,,,,,,,,,,0,,,,,,,
合計,"16,942","15,571","6,635","15,301","5,445","358,621",0,"3,900",0,0,0,"422,415",,109,92,0,17,"3,893",
2025/12/01,,,,,,27504,,,,,,"27,504",,8,8,,0,"3,438",
2025/12/02,,,,,1485,27504,,,,,,"28,989",,7,6.5,,0.5,"4,141",
2025/12/03,,,,,,12606,,,,,,"12,606",,3,3,,0,"4,202",
2025/12/04,,,,,,11460,,,,,,"11,460",,2,2,,0,"5,730",
2025/12/05,,,,,,26358,,,,,,"26,358",,5,5,,0,"5,272",
2025/12/06,1267,1075,,,,13752,,,,,,"16,094",,4,4,,0,"4,024",
2025/12/07,,,,,,13752,,,,,,"13,752","136,763",4,4,,0,"3,438",
2025/12/08,,,,,,26358,,,,,,"26,358",,7.5,7.5,,0,"3,514",
2025/12/09,,,,,,26358,,,,,,"26,358",,8,8,,0,"3,295",
2025/12/10,,,,,,14898,,,,,,"14,898",,6,6,,0,"2,483",
2025/12/11,,,,,,14898,,,,,,"14,898",,5,5,,0,"2,980",
2025/12/12,,,,,,25875,,,,,,"25,875",,7,7,,0,"3,696",
2025/12/13,,,,,,,,,,,,,,,,,,,
2025/12/14,2808,3121,12707,9913,,8250,,,,,,"36,799","145,186",8,2,,6,"4,600",
2025/12/15,,,,,,,,,,,,,,,,,,,
2025/12/16,3251,2139,1799,,1485,9825,,,,,,"18,499",,5,2,,3,"3,700",
2025/12/17,,,,,,10700,,,,,1086,"11,786",,4,4,,0,"2,947",
2025/12/18,,,,,,,,,,,,,,,,,,,
2025/12/19,,,,,,,,,,,,,,,,,,,
2025/12/20,5729,1799,,3859,,5200,,,,,10551,"27,138",,8,2,,6,"3,392",
2025/12/21,6714,6099,2119,8508,,6200,,,,,4127,"33,767",91190,8,2,,6,"4,221",
2025/12/22,,,,,,11070,,,,,,"11,070",,6,4,,2,"1,845",
2025/12/23,,,,,,,,,,,,,,,,,,,
2025/12/24,,,,,,,,,,,,,,,,,,,
2025/12/25,,,,,,,,,,,,,,,,,,,
2025/12/26,12802,3965,405,2517,,6000,,,,,700,"26,389",,8,2,,6,"3,299",
2025/12/27,4822,,,,,,,,,,,"4,822",,,,,,,
2025/12/28,,,,,,,,,,,,,42281,,,,,,
2025/12/29,,,,,,,,,,,,,,,,,,,
2025/12/30,,,,,5445,,,,,,,"5,445",,1,1,,0,"5,445",
2025/12/31,,,,,,,,,,,,,5445,,,,,,
合計,"37,393","18,198","17,030","24,797","8,415","298,568",0,0,0,0,"16,464","420,865",,115,85,0,30,"3,676",
2025/02/01,7126,3663,,1510,8370,,3438,,,,,"24,107",,11.5,,1.5,10,"2,096",
2025/02/02,18453,6266,,3543,1485,,,,,,,"29,747","53,854",11.5,,,11.5,"2,587",
2025/02/03,10134,1987,,1142,,,,,,,,"13,263",,6.5,,,6.5,"2,040",
2025/02/04,12501,2238,,1079,1980,,,,,,,"17,798",,9.5,,,9.5,"1,873",
2025/02/05,4983,5226,,,2475,,,,,,,"12,684",,6.5,,,6.5,"1,951",
2025/02/06,14204,6997,,1155,,,,,,,,"22,356",,9,,,9,"2,484",
2025/02/07,2482,2347,,3112,4275,,,,,,,"12,216",,7,,,7,"1,745",
2025/02/08,8096,2618,,1194,8730,,,,,,,"20,638",,8,,,8,"2,580",
2025/02/09,19352,10372,,1055,,,,,,,,"30,779","129,734",12,,,12,"2,565",
2025/02/10,13918,3406,,1873,4950,,,,,,,"24,147",,9.5,,,9.5,"2,542",
2025/02/11,12783,7487,,,5940,,,,,,,"26,210",,10,,,10,"2,621",
2025/02/12,5625,1408,,1158,5400,,,,,,,"13,591",,7.5,,,7.5,"1,812",
2025/02/13,3043,1377,,1255,1980,,,,,,,"7,655",,3,,,3,"2,552",
2025/02/14,10621,,,,6750,,5136,,,,,"22,507",,10.5,,2,8.5,"2,144",
2025/02/15,7264,2245,,761,11835,,,,,,,"22,105",,9.5,,,9.5,"2,327",
2025/02/16,15261,5832,,3405,3960,,,,,,,"28,458","144,673",11.5,,,11.5,"2,475",
2025/02/17,4657,,,,1980,,,,,,,"6,637",,3,,,3,"2,212",
2025/02/18,8944,,,755,,,,,,,,"9,699",,5.5,,,5.5,"1,763",
2025/02/19,6538,1532,,,3960,,,,,,,"12,030",,7,,,7,"1,719",
2025/02/20,10372,2036,,2258,6255,,,,,,,"20,921",,10,,,10,"2,092",
2025/02/21,8156,6021,,,3960,,,,,,,"18,137",,9.5,,,9.5,"1,909",
2025/02/22,7220,1789,,3659,5085,,8000,,,,,"25,753",,10,,4,6,"2,575",
2025/02/23,4039,2400,,2492,13860,,,,,,,"22,791","115,968",6.5,,,6.5,"3,506",
2025/02/24,1732,5323,,,1980,,,,,,,"9,035",,3.5,,,3.5,"2,581",
2025/02/25,,,,,1980,,,,,,,"1,980",,1,,,1,"1,980",
2025/02/26,2535,3369,,,1980,,,,,,,"7,884",,4,,,4,"1,971",
2025/02/27,3108,,,1228,6930,,,,,,,"11,266",,4,,,4,"2,817",
2025/02/28,3238,1734,,,3960,,,,,,,"8,932","39,097",3,,,3,"2,977",
,,,,,,,,,,,,0,,,,,,,
,,,,,,,,,,,,0,,,,,,,
,,,,,,,,,,,,0,,,,,,,
合計,"226,385","87,673",0,"32,634","120,060",0,"16,574",0,0,0,0,"483,326",,210,0,8,203,"2,302",
2025/03/01,8991,8050,,5110,6000,,,,,,,"28,151",,12.5,,,12.5,"2,252",
2025/03/02,16331,7793,,3588,3465,,,,,,,"31,177","59,328",11,,,11,"2,834",
2025/03/03,3482,,,,2970,,,,,,,"6,452",,2.5,,,2.5,"2,581",
2025/03/04,6494,2403,,2194,1980,,,,,,,"13,071",,6,,,6,"2,179",
2025/03/05,,,,,,,,,,,,,,,,,,,
2025/03/06,2562,6358,,,1980,,,,,,,"10,900",,7,,,7,"1,557",
2025/03/07,4095,,,1337,9855,,,,,,,"15,287",,7.5,,,7.5,"2,038",
2025/03/08,7540,2049,,755,6300,,,,,,,"16,644",,8,,,8,"2,081",
2025/03/09,12934,5716,,2896,4455,,,,,,,"26,001",88355,11,,,11,"2,364",
2025/03/10,899,2362,,,2970,,,,,,,"6,231",,3,,,3,"2,077",
2025/03/11,744,4059,,1155,,,,,,,,"5,958",,4.5,,,4.5,"1,324",
2025/03/12,3735,3175,,971,6075,,,,,,,"13,956",,7,,,7,"1,994",
2025/03/13,3053,2964,,,1980,,,,,,,"7,997",,6,,,6,"1,333",
2025/03/14,1566,2857,,755,9855,,,,,,,"15,033",,6,,,6,"2,506",
2025/03/15,5039,4685,,1685,9972,,,,,,,"21,381",,13,,,13,"1,645",
2025/03/16,,7442,,1561,2475,,,,,,,"11,478","82,034",7,,,7,"1,640",
2025/03/17,4332,5888,,1104,4950,,,,,,,"16,274",,9,,,9,"1,808",
2025/03/18,1368,4220,,,1980,,4371,,,,,"11,939",,7,,2,5,"1,706",
2025/03/19,1768,7198,,1492,6885,,,,,,,"17,343",,9,,,9,"1,927",
2025/03/20,2750,2721,,1600,3960,,,,,,,"11,031",,5,,,5,"2,206",
2025/03/21,3554,3996,,1492,3465,,,,,,,"12,507",,7,,,7,"1,787",
2025/03/22,3631,4869,,,7200,,,,,,,"15,700",,10,,,10,"1,570",
2025/03/23,1584,3344,,1378,6930,,,,,,,"13,236","98,030",6,,,6,"2,206",
2025/03/24,1354,2545,,,8415,,,,,,,"12,314",,7.5,,,7.5,"1,642",
2025/03/25,7415,3769,,1065,4950,,,,,,,"17,199",,9.5,,,9.5,"1,810",
2025/03/26,3932,2005,,,3960,,,,,,,"9,897",,5,,,5,"1,979",
2025/03/27,8094,4596,,,6435,,,,,,,"19,125",,7.5,,,7.5,"2,550",
2025/03/28,4524,5401,,,11655,,,,,,,"21,580",,11,,,11,"1,962",
2025/03/29,8350,2420,,,5445,,,,,,,"16,215",,9,,,9,"1,802",
2025/03/30,6364,13097,,746,3465,,,,,,,"23,672","120,002",12,,,12,"1,973",
2025/03/31,5707,1452,,782,1485,,,3300,,,,"12,726",,10,,,10,"1,273",
合計,"142,192","127,434",0,"31,666","151,512",0,"4,371","3,300",0,0,0,"460,475",,237,0,2,235,"1,947",
2025/04/01,5788,8462,,824,,,,,,,,"15,074",,9.5,,,9.5,"1,587",
2025/04/02,10020,4757,,396,,,,,,,,"15,173",,9,,,9,"1,686",
2025/04/03,5151,4525,,,,,,,,,,"9,676",,6.5,,,6.5,"1,489",
2025/04/04,1600,700,,744,3465,,,,,,,"6,509",,2,,,2,"3,255",
2025/04/05,4848,6527,,496,,,,,,,,"11,871",,7,,,7,"1,696",
2025/04/06,13416,6436,,1188,,,,,,,,"21,040","79,343",11.5,,,11.5,"1,830",
2025/04/07,8356,4832,,,,2456,,,,,,"15,644",,9,1.5,,7.5,"1,738",
2025/04/08,4703,6879,,,,2456,,,,,,"14,038",,9,1.5,,7.5,"1,560",
2025/04/09,2670,5942,,,,,,,,,,"8,612",,7,,,7,"1,230",
2025/04/10,8368,2622,,493,1485,3274,,,,,,"16,242",,8.5,2,,6.5,"1,911",
2025/04/11,4332,2047,,,1980,,,,,,,"8,359",,5.5,,,5.5,"1,520",
2025/04/12,12400,4631,,396,,3274,,5027,,,,"25,728",,13.5,2,,11.5,"1,906",
2025/04/13,11138,5804,,,,4093,,,,,,"21,035","109,658",10,2,,8,"2,104",
2025/04/14,5028,3753,,1467,,,,4994,,,,"15,242",,7.5,,,7.5,"2,032",
2025/04/15,3575,4302,,,,,,,,,,"7,877",,4.5,,,4.5,"1,750",
2025/04/16,14355,2457,,,,,,,,,,"16,812",,7.5,,,7.5,"2,242",
2025/04/17,2615,1704,,,,,,,,,,"4,319",,5.5,,,5.5,785,
2025/04/18,1431,1938,,,1980,,,,,,,"5,349",,3,,,3,"1,783",
2025/04/19,9166,951,,,1980,7676,,,,,,"19,773",,10.5,5,,5.5,"1,883",
2025/04/20,14982,8456,,,,3396,,,,,,"26,834","96,206",10.5,1.5,,9,"2,556",
2025/04/21,1232,,,,,,,,,,,"1,232",,1,,,1,"1,232",
2025/04/22,1735,,,,,,,,,,,"1,735",,1,,,1,"1,735",
2025/04/23,3822,1836,,,,4164,,,,,301,"10,123",,6,2,,4,"1,687",
2025/04/24,1040,1831,,,1485,12606,,,,,,"16,962",,9,5.5,,3.5,"1,885",
2025/04/25,,,,,,18123,,,,,,"18,123",,8,8,,0,"2,265",
2025/04/26,1568,3732,,564,,12606,,,,,15000,"33,470",,9,5.5,,3.5,"3,719",
2025/04/27,2733,888,,,,12606,,,,,,"16,227","97,872",6.5,5,,1.5,"2,496",
2025/04/28,892,,,,1485,,,,,,,"2,377",,1,,,1,"2,377",
2025/04/29,10834,8178,,514,,,,3071,,,,"22,597",,9,,,9,"2,511",
2025/04/30,,,,,,2456,,,,,,"2,456",,2,2,,0,"1,228",
,,,,,,,,,,,,0,,,,,,,
合計,"167,798","104,190",0,"7,082","13,860","89,186",0,"13,092",0,0,"15,301","410,509",,210,44,0,166,"1,959",
2025/05/01,,,,,,15062,,,,,,"15,062",,9,9,,0,"1,674",
2025/05/02,3875,1077,,,,,,,,,,"4,952",,3,,,3,"1,651",
2025/05/03,2006,924,,,,,,9000,,,,"11,930",,6,,,6,"1,988",
2025/05/04,1290,1706,,,,,,,,,,"2,996","34,940",1.5,,,1.5,"1,997",
2025/05/05,4832,4107,,,,4474,,,,,,"13,413",,8.5,2,,6.5,"1,578",
2025/05/06,4000,4275,,,,,,,,,,"8,275",,4.4,,,4.4,"1,881",
2025/05/07,2029,3332,,,,2251,,,,,,"7,612",,4,1.5,,2.5,"1,903",
2025/05/08,,,,,,4329,,,,,,"4,329",,2,2,,0,"2,165",
2025/05/09,1128,1702,,,1485,1637,,,,,,"5,952",,4,1,,3,"1,488",
2025/05/10,8818,2605,1377,,,3290,,,,,,"16,090",,8,1.5,,6.5,"2,011",
2025/05/11,3074,3178,,,1485,,,9000,,,,"16,737","72,408",9,,,9,"1,860",
2025/05/12,,,,,,,,,,,,,,,,,,,
2025/05/13,,,,,,,,,,,,,,,,,,,
2025/05/14,,1344,,,,3290,,,,,,"4,634",,2,1,,1,"2,317",
2025/05/15,1998,2847,,,,,,,,,,"4,845",,3,,,3,"1,615",
2025/05/16,2224,2179,,,1485,,,,,,,"5,888",,3,,,3,"1,963",
2025/05/17,7498,9760,,,1485,,,,,,,"18,743",,10,,,10,"1,874",
2025/05/18,7621,1401,,,,13752,,,,,,"22,774",56884,10,8,,2,"2,277",
2025/05/19,,,,,,,,,,,,,,,,,,,
2025/05/20,1652,875,,,2475,9004,,,,,,"14,006",,9,4,,5,"1,556",
2025/05/21,,,,,,9004,,,,,,"9,004",,4.5,4,,0.5,"2,001",
2025/05/22,,1805,,,,9822,,,,,,"11,627",,6,4,,2,"1,938",
2025/05/23,,,,,,9822,,,,,,"9,822",,4,4,,0,"2,456",
2025/05/24,4118,3892,,,,,,,,,,"8,010",,5.5,,,5.5,"1,456",
2025/05/25,14560,9152,3861,1869,,,,,,,,"29,442",81911,13,,,13,"2,265",
2025/05/26,760,849,1076,,,,,,,,,"2,685",,1,,,1,"2,685",
2025/05/27,857,1731,,,,4093,,,,,,"6,681",,3.5,2,,1.5,"1,909",
2025/05/28,,599,,,,3274,,,,,,"3,873",,1.5,1.5,,0,"2,582",
2025/05/29,,,,619,,9822,,,,,,"10,441",,6,5,,1,"1,740",
2025/05/30,,,,,,14405,,,,,,"14,405",,4.5,4.5,,0,"3,201",
2025/05/31,719,3612,1581,,1980,,,,,,,"7,892","45,977",5,,,5,"1,578",
合計,"73,059","62,952","7,895","2,488","10,395","117,331",0,"18,000",0,0,0,"292,120",,151,55,0,96,"1,936",
2025/06/01,1426,,1491,,,13043,,7350,,,,"23,310",,9.5,,8,1.5,"2,454",
2025/06/02,,,,,,11014,,,,,,"11,014",,5,,,5,"2,203",
2025/06/03,,,,,,9004,,2800,,,,"11,804",,4,,2,2,"2,951",
2025/06/04,,819,,,,14405,,,,,,"15,224",,5,,4.5,0.5,"3,045",
2025/06/05,,,,,,9822,,,,,,"9,822",,6.5,,6.5,0,"1,511",
2025/06/06,,,,,,9004,,,,,,"9,004",,4,,4,0,"2,251",
2025/06/07,1198,,,,,4748,,,,,,"5,946",,1,,0.5,0.5,"5,946",
2025/06/08,2812,,805,,,5660,,,,,,"9,277","72,091",4.5,,2,2.5,"2,062",
2025/06/09,,,,,,,,,,,,,,,,,,,
2025/06/10,,2508,,,,3275,,,,,,"5,783",,3.5,,1.5,2,"1,652",
2025/06/11,958,5161,,,,7932,,,,,,"14,051",,7.5,,5,2.5,"1,873",
2025/06/12,,,,,,9004,,,,,,"9,004",,5.5,,4,1.5,"1,637",
2025/06/13,,1077,,,,9004,,,,,,"10,081",,6.5,,4,2.5,"1,551",
2025/06/14,1468,2211,,,,17765,,,,,,"21,444",,8,,6,2,"2,681",
2025/06/15,1366,6151,,,,,,7200,,,,"14,717",75080,10,,,10,"1,472",
2025/06/16,,1012,,,,9004,,,,,,"10,016",,5,,3.5,1.5,"2,003",
2025/06/17,,,,,,9008,,,,,,"9,008",,3.5,,3.5,0,"2,574",
2025/06/18,,,,,,9004,,,,,,"9,004",,2.5,,2.5,0,"3,602",
2025/06/19,,,,,,9004,,,,,,"9,004",,3,,3,0,"3,001",
2025/06/20,,,,,,,,,,,,,,,,,,,
2025/06/21,,,,,,14227,,,,,,"14,227",,7.5,,7.5,0,"1,897",
2025/06/22,,500,,,,9004,,,,,,"9,504",60763,5,,4.5,0.5,"1,901",
2025/06/23,,,,,,,,,,,,,,,,,,,
2025/06/24,658,,,,1980,,,,,,,"2,638",,1,,,1,"2,638",
2025/06/25,,,,,,9008,,,,,,"9,008",,4,,4,0,"2,252",
2025/06/26,,,,,,9008,,,,,,"9,008",,4,,4,0,"2,252",
2025/06/27,,,,,1980,,,,,,,"1,980",,0.5,,,0.5,"3,960",
2025/06/28,,,,,,9008,,,,,,"9,008",,4,,4,0,"2,252",
2025/06/29,1945,,,,,14315,,,,,,"16,260",47902,6.5,,6,0.5,"2,502",
2025/06/30,,,,,,13375,,,,,,"13,375",,3.5,,3.5,0,"3,821",
,,,,,,,,,,,,0,"13,375",,,,,,
合計,"11,831","19,439","2,296",0,"3,960","237,645",0,"17,350",0,0,0,"292,521",,131,0,94,37,"2,242",
2025/07/01,,,,1260,1485,13342,,7200,,,,"23,287",,8.5,6,,2.5,"2,740",
2025/07/02,,,,,,9004,,,,,,"9,004",,3,3,,0,"3,001",
2025/07/03,,,,,,9004,,,,,,"9,004",,2,2,,0,"4,502",
2025/07/04,,596,,,,9004,,,,,,"9,600",,4,4,,0,"2,400",
2025/07/05,,,,,,9004,,,,,,"9,004",,4,4,,0,"2,251",
2025/07/06,,,,,,9004,,,,,,"9,004","68,903",3,3,,0,"3,001",
2025/07/07,,,,,1980,9004,,,,,,"10,984",,4.5,4,,0.5,"2,441",
2025/07/08,,,,,,9004,,,,,,"9,004",,3,3,,0,"3,001",
2025/07/09,,,,,,9004,,,,,,"9,004",,3.5,3.5,,0,"2,573",
2025/07/10,,,,,,9004,,,,,,"9,004",,3.5,3.5,,0,"2,573",
2025/07/11,,,,,,,,,,,,,,,,,,,
2025/07/12,510,,,,5200,15553,,,,,,"21,263",,8,6,,2,"2,658",
2025/07/13,641,,,,,15352,,,,,,"15,993",75252,4.5,4.5,,0,"3,554",
2025/07/14,,,,,,11259,,,,,,"11,259",,2,2,,0,"5,630",
2025/07/15,,,,,,11259,,,,,,"11,259",,3,3,,0,"3,753",
2025/07/16,320,,,,,15352,,,,,,"15,672",,5,5,,0,"3,134",
2025/07/17,,577,,,,15352,,,,,,"15,929",,5,5,,0,"3,186",
2025/07/18,,,,,,11259,,3300,,,,"14,559",,4,4,,0,"3,640",
2025/07/19,1118,1180,,,1980,11259,,,,,,"15,537",,5,4,,1,"3,107",
2025/07/20,,2193,,693,,15352,,,,,,"18,238","102,453",5.5,5,,0.5,"3,316",
2025/07/21,,,,,,11259,,,,,,"11,259",,3,2,,1,"3,753",
2025/07/22,,,,,,11259,,,,,,"11,259",,4,4,,0,"2,815",
2025/07/23,,,,,,11259,,,,,,"11,259",,4,4,,0,"2,815",
2025/07/24,,,,,,18076,,,,,,"18,076",,5.5,5.5,,0,"3,287",
2025/07/25,,,,,,11259,,,,,,"11,259",,3,3,,0,"3,753",
2025/07/26,,,,,,15587,,,,,,"15,587",,4.5,4.5,,0,"3,464",
2025/07/27,694,,,,,15777,,,,,,"16,471","95,170",5.5,5.5,,0,"2,995",
2025/07/28,,,,,,9004,,,,,,"9,004",,2,2,,0,"4,502",
2025/07/29,,,,,,13097,,3000,,,,"16,097",,5.5,5.5,,0,"2,927",
2025/07/30,,,,,,9004,,,,,,"9,004",,3.5,3.5,,0,"2,573",
2025/07/31,,,,,,9004,,,,,,"9,004","43,109",3.5,3.5,,0,"2,573",
合計,"3,283","4,546",0,"1,953","10,645","350,960",0,"13,500",0,0,0,"384,887",,125,118,0,8,"3,079",
2025/08/01,,2034,,680,,13097,,,,,,"15,811",,7.5,6.5,,1,"2,108",
2025/08/02,,,,,,13711,,,,,,"13,711",,4.5,4.5,,0,"3,047",
2025/08/03,885,819,,,,13543,,,,,,"15,247","44,769",6.5,6,,0.5,"2,346",
2025/08/04,,,,,,9004,,,,,,"9,004",,4,4,,0,"2,251",
2025/08/05,,,,,,9004,,,,,,"9,004",,2.5,2.5,,0,"3,602",
2025/08/06,,,,,,9004,,,,,,"9,004",,2.5,2.5,,0,"3,602",
2025/08/07,,,,,,9004,,,,,,"9,004",,3.5,2.5,,1,"2,573",
2025/08/08,,,,,,,,,,,,,,,,,,,
2025/08/09,,,,,,14379,,,,,,"14,379",,5.5,5.5,,0,"2,614",
2025/08/10,,,,,,13504,,,,,,"13,504",63899,4,4,,0,"3,376",
2025/08/11,,,,,,,,,,,,,,,,,,,
2025/08/12,,,,,,18826,,,,,,"18,826",,7,7,,0,"2,689",
2025/08/13,,,,,,9004,,,,,,"9,004",,4,4,,0,"2,251",
2025/08/14,,,,730,,,,20000,,,,"20,730",,9,,,9,"2,303",
2025/08/15,,,,,,9822,,8000,,,,"17,822",,7,5,,2,"2,546",
2025/08/16,,701,,,,13098,,,,,,"13,799",,5,,,5,"2,760",
2025/08/17,,,,,,,,20000,,,,"20,000",100181,9,,,9,"2,222",
2025/08/18,,,,,,9004,,,,,,"9,004",,1.5,1.5,,0,"6,003",
2025/08/19,,,,,,,,,,,,,,,,,,,
2025/08/20,,,,,,11459,,,,,,"11,459",,4.5,4.5,,0,"2,546",
2025/08/21,,,,,2475,,,,,,,"2,475",,1,,,1,"2,475",
2025/08/22,,,,,,,,,,,,,,,,,,,
2025/08/23,,,,,5445,8185,,,,,,"13,630",,5.5,4,,1.5,"2,478",
2025/08/24,,,,,,9410,,,,,,"9,410",45978,3,3,,0,"3,137",
2025/08/25,,,,,,18007,,,,,,"18,007",,3.5,3.5,,0,"5,145",
2025/08/26,,,,,,9822,,,,,,"9,822",,4.5,4.5,,0,"2,183",
2025/08/27,,,,,,8185,,,,,,"8,185",,3,3,,0,"2,728",
2025/08/28,,,,,,9004,,,,,,"9,004",,2,2,,0,"4,502",
2025/08/29,,,,,,9822,,,,,,"9,822",,3,3,,0,"3,274",
2025/08/30,,,,,1980,9822,,,,,,"11,802",,4.5,3.5,,1,"2,623",
2025/08/31,,,,,,9822,,,,,,"9,822","76,464",3,3,,0,"3,274",
合計,885,"3,554",0,"1,410","9,900","267,542",0,"48,000",0,0,0,"331,291",,121,90,0,31,"2,749",
2025/09/01,,,,,,19644,,,,,,"19,644",,7,7,,0,"2,806",
2025/09/02,,,,,,,,,,,,,,,,,,,
2025/09/03,,,,,,,,,,,,,,,,,,,
2025/09/04,,,,,,,,,,,,,,,,,,,
2025/09/05,,,,,,,,,,,,,,,,,,,
2025/09/06,,,,,,10640,,,,,,"10,640",,2.5,2.5,,0,"4,256",
2025/09/07,,,,,,8185,,,,,,"8,185",38469,2.5,2.5,,0,"3,274",
2025/09/08,,,,,,,,,,,,,,,,,,,
2025/09/09,,,,,,8180,,,,,,"8,180",,2.5,2.5,,0,"3,272",
2025/09/10,,,,,,8180,,,,,,"8,180",,2.5,2.5,,0,"3,272",
2025/09/11,,,,,,12278,,,,,,"12,278",,3,3,,0,"4,093",
2025/09/12,,,,,,8180,,,,,,"8,180",,3,3,,0,"2,727",
2025/09/13,8086,2846,,,,9004,,,,,,"19,936",,5.5,4,,1.5,"3,625",
2025/09/14,,,,,,13096,,,,,,"13,096",69850,4,4,,0,"3,274",
2025/09/15,,526,,,,12278,,,,,,"12,804",,4.5,4,,0.5,"2,845",
2025/09/16,,,,,,12278,,,,,,"12,278",,3,3,,0,"4,093",
2025/09/17,,,,,2475,,,4300,,,,"6,775",,2,,,2,"3,388",
2025/09/18,,,,,1980,8185,,,,,,"10,165",,3,2.5,,0.5,"3,388",
2025/09/19,,,,,,8185,,,,,,"8,185",,3.5,3.5,,0,"2,339",
2025/09/20,,,,,4950,,,,,,,"4,950",,1.5,,,1.5,"3,300",
2025/09/21,,,,,,12435,,,,,,"12,435","67,592",5.5,5.5,,0,"2,261",
2025/09/22,,,,,,8185,,,,,,"8,185",,3,3,,0,"2,728",
2025/09/23,,,,632,1980,13097,,,,,,"15,709",,2.5,2,,0.5,"6,284",
2025/09/24,,,,,,12278,,,,,,"12,278",,3.5,3.5,,0,"3,508",
2025/09/25,,,,,,12608,,,,,,"12,608",,4,4,,0,"3,152",
2025/09/26,,,,,,17387,,,,,,"17,387",,3.5,3.5,,0,"4,968",
2025/09/27,,,,,,15717,,,,,,"15,717",,3.5,3.5,,0,"4,491",
2025/09/28,,,,,,12279,,5400,,,,"17,679","99,563",3,3,,0,"5,893",
2025/09/29,,,,,1480,12443,,,,,,"13,923",,2.5,2,,0.5,"5,569",
2025/09/30,,,,,1980,8185,,,,,,"10,165",,2,1.5,,0.5,"5,083",
,,,,,,,,,,,,0,"24,088",,,,,,
合計,"8,086","3,372",0,632,"14,845","262,927",,"9,700",0,0,0,"299,562",,83,76,0,8,"3,609",0
